{
    "values": [
        "minecraft:air",
        "minecraft:void_air",
        "minecraft:cave_air",
        "#minecraft:banners",
        "#minecraft:flowers",
        "#minecraft:saplings",
        "#minecraft:corals",
        "#minecraft:wall_corals",
        "#minecraft:all_signs",
        "#minecraft:signs",
        "minecraft:snow",
        "minecraft:red_mushroom",
        "minecraft:brown_mushroom",
        "minecraft:warped_fungus",
        "minecraft:crimson_fungus",
        "minecraft:short_grass",
        "minecraft:tall_grass",
        "minecraft:sugar_cane",
        "minecraft:warped_roots",
        "minecraft:crimson_roots",
        "minecraft:hanging_roots",
        "minecraft:nether_sprouts",
        "minecraft:vine",
        "minecraft:weeping_vines",
        "minecraft:twisting_vines",
        "minecraft:fern",
        "minecraft:large_fern",
        "minecraft:dead_bush",
        "minecraft:small_dripleaf",
        "minecraft:big_dripleaf",
        "minecraft:glow_lichen",
        "minecraft:cave_vines",
        "minecraft:cave_vines_plant",
        "minecraft:nether_wart",
        "minecraft:dead_brain_coral",
        "minecraft:dead_brain_coral_fan",
        "minecraft:dead_brain_coral_wall_fan",
        "minecraft:dead_tube_coral",
        "minecraft:dead_tube_coral_fan",
        "minecraft:dead_tube_coral_wall_fan",
        "minecraft:dead_bubble_coral",
        "minecraft:dead_bubble_coral_fan",
        "minecraft:dead_bubble_coral_wall_fan",
        "minecraft:dead_fire_coral",
        "minecraft:dead_fire_coral_fan",
        "minecraft:dead_fire_coral_wall_fan",
        "minecraft:dead_horn_coral",
        "minecraft:dead_horn_coral_fan",
        "minecraft:dead_horn_coral_wall_fan",
        "minecraft:sculk_vein",
        "minecraft:cobweb",
        "minecraft:tripwire",
        "minecraft:bamboo_sapling",
        {
            "id": "minecraft:bush",
            "required": false
        },
        {
            "id": "minecraft:tall_dry_grass",
            "required": false
        },
        {
            "id": "minecraft:short_dry_grass",
            "required": false
        }

    ]
}