{
  "description": {
    "text": "基岩",
    "color": "dark_purple",
    "italic": false
  },
  "supported_items": "#minecraft:enchantable/durability",
  "weight": 1,
  "max_level": 1,
  "min_cost": {
    "base": 1,
    "per_level_above_first": 0
  },
  "max_cost": {
    "base": 100,
    "per_level_above_first": 0
  },
  "anvil_cost": 4,
  "slots": [
    "mainhand"
  ],
  "effects": {
    "minecraft:item_damage": [
      {
        "effect": {
          "type": "minecraft:multiply",
          "factor": 0.0
        }
      }
    ]
  }
}