{
    "criteria": {
        "farm_land(sneaking_mode)": {
            "trigger": "minecraft:item_used_on_block",
            "conditions": {
                "location": [
                    {
                        "condition": "minecraft:block_state_property",
                        "block": "minecraft:farmland"
                    }
                ],
                "player": [
                    {
                        "condition": "minecraft:entity_scores",
                        "entity": "this",
                        "scores": {
                            "dp_vmn.ATPminer.auto_farm": 1,
                            "dp_vmn.ATPminer.sneaking_mode": 1,
                            "dp_vmn.sneaking_time": {
                                "min": 1
                            }
                        }
                    },
                    {
                        "condition": "minecraft:entity_properties",
                        "entity": "this",
                        "predicate": {
                            "equipment": {
                                "mainhand": {
                                    "items": "#vmn:tool/farm/farm_tools"
                                }
                            }
                        }
                    }
                ]
            }
        },
        "farm_land(general)": {
            "trigger": "minecraft:item_used_on_block",
            "conditions": {
                "location": [
                    {
                        "condition": "minecraft:block_state_property",
                        "block": "minecraft:farmland"
                    }
                ],
                "player": [
                    {
                        "condition": "minecraft:entity_scores",
                        "entity": "this",
                        "scores": {
                            "dp_vmn.ATPminer.auto_farm": 1,
                            "dp_vmn.ATPminer.sneaking_mode": 0
                        }
                    },
                    {
                        "condition": "minecraft:entity_properties",
                        "entity": "this",
                        "predicate": {
                            "equipment": {
                                "mainhand": {
                                    "items": "#vmn:tool/farm/farm_tools"
                                }
                            }
                        }
                    }
                ]
            }
        },
        "enabled": {
            "trigger": "minecraft:tick",
            "conditions": {
                "player": [
                    {
                        "condition": "minecraft:value_check",
                        "value": {
                            "type": "minecraft:score",
                            "target": {
                                "type": "minecraft:context",
                                "target": "this"
                            },
                            "score": "dp_vmn.ATPminer.basic"
                        },
                        "range": {
                            "max": 0
                        }
                    },
                    {
                        "condition": "minecraft:value_check",
                        "value": {
                            "type": "minecraft:score",
                            "target": {
                                "type": "minecraft:fixed",
                                "name": "#global.auto_farm"
                            },
                            "score": "dp_vmn.global_setting"
                        },
                        "range": {
                            "max": 2,
                            "min": 1
                        }
                    }
                ]
            }
        }
    },
    "rewards": {
        "function": "vmn:main/vmn/auto_farm"
    },
    "requirements": [
        [
            "farm_land(general)",
            "farm_land(sneaking_mode)"
        ],
        [
            "enabled"
        ]
    ],
    "sends_telemetry_event": false
}