{
    "criteria": {
        "range_plant": {
            "trigger": "minecraft:impossible"
        }
    },
    "display": {
        "description": "启用范围耕作，大范围种植农作物\nEnable Area Farming: Plants crops in large areas",
        "icon": {
            "id": "minecraft:wheat"
        },
        "title": {"text":"我有一个麦田梦"},
        "announce_to_chat": false,
        "frame": "task",
        "hidden": false,
        "show_toast": true
    },
    "requirements": [
        [
            "range_plant"
        ]
    ],
    "sends_telemetry_event": false,
    "parent": "vmn:tutorial/root",
    "rewards": {
        "function": "vmn:main/vmn/advancement_reward"
    }
}