{
    "criteria": {
        "smart_replanting": {
            "trigger": "minecraft:impossible"
        }
    },
    "display": {
        "description": "启用智能补种，种下新的作物种子\nEnable Smart Replanting: Plants new crop seeds automatically",
        "icon": {
            "id": "minecraft:sweet_berries"
        },
        "title": {"text":"生命的轮回"},
        "announce_to_chat": false,
        "frame": "task",
        "hidden": false,
        "show_toast": true
    },
    "requirements": [
        [
            "smart_replanting"
        ]
    ],
    "sends_telemetry_event": false,
    "parent": "vmn:tutorial/root",
    "rewards": {
        "function": "vmn:main/vmn/advancement_reward"
    }
}