{
    "criteria": {
        "smart_sapling": {
            "trigger": "minecraft:impossible"
        }
    },
    "display": {
        "description": "启用智能补种，种下新的树苗\nEnable Smart Replanting: Plants new saplings automatically",
        "icon": {
            "id": "minecraft:oak_sapling"
        },
        "title": {"text":"来年春天"},
        "announce_to_chat": false,
        "frame": "task",
        "hidden": false,
        "show_toast": true
    },
    "requirements": [
        [
            "smart_sapling"
        ]
    ],
    "sends_telemetry_event": false,
    "parent": "vmn:tutorial/root",
    "rewards": {
        "function": "vmn:main/vmn/advancement_reward"
    }
}