{
    "replace": false,
    "values": [
        "minecraft:short_grass",
        "minecraft:tall_grass",
        "minecraft:dandelion",
        "minecraft:poppy",
        "minecraft:blue_orchid",
        "minecraft:allium",
        "minecraft:azure_bluet",
        "minecraft:red_tulip",
        "minecraft:pink_tulip",
        "minecraft:white_tulip",
        "minecraft:orange_tulip",
        "minecraft:oxeye_daisy",
        "minecraft:cornflower",
        "minecraft:lily_of_the_valley",
        "minecraft:wither_rose",
        "minecraft:sunflower",
        "minecraft:lilac",
        "minecraft:rose_bush",
        "minecraft:peony",
        "minecraft:pitcher_plant",
        "minecraft:torchflower",
        "minecraft:brown_mushroom",
        "minecraft:red_mushroom",
        "minecraft:fern",
        "minecraft:dead_bush",
        "minecraft:pink_petals",
        "minecraft:spore_blossom",
        "minecraft:crimson_roots",
        "minecraft:warped_roots",
        "minecraft:nether_sprouts",
        "minecraft:large_fern",
        "minecraft:lily_pad",
        "minecraft:seagrass",
        "minecraft:tall_seagrass",
        "minecraft:sea_pickle",
        {
            "id": "minecraft:pale_hanging_moss",
            "required": false
        },
        {
            "id": "minecraft:closed_eyeblossom",
            "required": false
        },
        {
            "id": "minecraft:open_eyeblossom",
            "required": false
        },
        {
            "id": "minecraft:wildflowers",
            "required": false
        },
        {
            "id": "minecraft:leaf_litter",
            "required": false
        },
        {
            "id": "minecraft:firefly_bush",
            "required": false
        },
        {
            "id": "minecraft:bush",
            "required": false
        },
        {
            "id": "minecraft:tall_dry_grass",
            "required": false
        },
        {
            "id": "minecraft:short_dry_grass",
            "required": false
        },
        {
            "id": "minecraft:cactus_flower",
            "required": false
        }
    ]
}